case,start,solver,condition,converged,residual_calls,jacobian_calls,residual_norm,parameter_error,equivalent_parameter_error,termination,parameters
collinear-1e-4,0,cholesky,2.44948975e4,true,21,21,0.00000000e0,2.84439139e-13,2.84439139e-13,"SolverConverged","[1.0000000000002844, -1.0000000000002844]"
collinear-1e-4,0,qr,2.44948975e4,true,21,21,0.00000000e0,2.52908805e-13,2.52908805e-13,"SolverConverged","[1.000000000000253, -1.000000000000253]"
collinear-1e-4,0,minpack,2.44948975e4,true,3,2,0.00000000e0,4.33431069e-13,4.33431069e-13,"ResidualsZero","[0.9999999999995666, -0.9999999999995666]"
collinear-1e-4,1,cholesky,2.44948975e4,true,20,20,0.00000000e0,1.69197989e-13,1.69197989e-13,"SolverConverged","[1.0000000000001692, -1.0000000000001692]"
collinear-1e-4,1,qr,2.44948975e4,true,21,20,0.00000000e0,3.00426350e-13,3.00426350e-13,"SolverConverged","[1.0000000000003004, -1.0000000000003004]"
collinear-1e-4,1,minpack,2.44948975e4,true,3,2,0.00000000e0,5.55111512e-13,5.55111512e-13,"ResidualsZero","[0.9999999999994449, -0.9999999999994449]"
collinear-1e-8,0,cholesky,2.44948975e8,true,2,1,1.41421356e-8,1.00000000e0,1.00000000e0,"SolverConverged","[3.333516947629358e-14, -3.3331497211615715e-14]"
collinear-1e-8,0,qr,2.44948975e8,true,2,1,1.41421356e-8,1.00000000e0,1.00000000e0,"SolverConverged","[3.333516935609941e-14, -3.333149709126371e-14]"
collinear-1e-8,0,minpack,2.44948975e8,true,2,1,0.00000000e0,2.22044605e-16,2.22044605e-16,"ResidualsZero","[0.9999999999999998, -0.9999999999999998]"
collinear-1e-8,1,cholesky,2.44948975e8,true,8,6,7.07106781e-9,5.00000000e-1,5.00000000e-1,"SolverConverged","[0.5000000000020665, -0.5000000000020665]"
collinear-1e-8,1,qr,2.44948975e8,true,8,6,7.07106781e-9,5.00000000e-1,5.00000000e-1,"SolverConverged","[0.5000000000020173, -0.5000000000020173]"
collinear-1e-8,1,minpack,2.44948975e8,true,3,2,0.00000000e0,2.22044605e-16,2.22044605e-16,"ResidualsZero","[0.9999999999999998, -0.9999999999999998]"
collinear-0e0,0,cholesky,inf,true,1,1,0.00000000e0,1.00000000e0,1.00000000e0,"SolverConverged","[0.0, 0.0]"
collinear-0e0,0,qr,inf,true,1,1,0.00000000e0,1.00000000e0,1.00000000e0,"SolverConverged","[0.0, 0.0]"
collinear-0e0,0,minpack,inf,true,1,0,0.00000000e0,1.00000000e0,1.00000000e0,"ResidualsZero","[0.0, 0.0]"
collinear-0e0,1,cholesky,inf,true,6,5,0.00000000e0,5.00000000e-1,5.00000000e-1,"SolverConverged","[0.5000000000000665, -0.5000000000000665]"
collinear-0e0,1,qr,inf,true,6,5,0.00000000e0,5.00000000e-1,5.00000000e-1,"SolverConverged","[0.4999999999999998, -0.4999999999999998]"
collinear-0e0,1,minpack,inf,true,3,2,0.00000000e0,2.00000000e0,2.00000000e0,"ResidualsZero","[-1.0, 1.0]"
scaled,0,cholesky,1.00000000e16,true,6,5,0.00000000e0,0.00000000e0,0.00000000e0,"SolverConverged","[1.0, 1.0, 1.0]"
scaled,0,qr,1.00000000e16,true,6,5,0.00000000e0,0.00000000e0,0.00000000e0,"SolverConverged","[1.0, 1.0, 1.0]"
scaled,0,minpack,1.00000000e16,true,23,22,0.00000000e0,0.00000000e0,0.00000000e0,"ResidualsZero","[1.0, 1.0, 1.0]"
scaled,1,cholesky,1.00000000e16,true,6,5,0.00000000e0,0.00000000e0,0.00000000e0,"SolverConverged","[1.0, 1.0, 1.0]"
scaled,1,qr,1.00000000e16,true,6,5,0.00000000e0,0.00000000e0,0.00000000e0,"SolverConverged","[1.0, 1.0, 1.0]"
scaled,1,minpack,1.00000000e16,true,3,2,0.00000000e0,0.00000000e0,0.00000000e0,"ResidualsZero","[1.0, 1.0, 1.0]"
svi-width-0.5,0,cholesky,2.53458059e2,true,10,9,0.00000000e0,1.29936300e-17,1.29936300e-17,"SolverConverged","[0.04, 0.1, -0.3, 1.2993629979745935e-17, 0.2]"
svi-width-0.5,0,qr,2.53458059e2,true,10,9,4.80740672e-17,2.22044605e-16,2.22044605e-16,"SolverConverged","[0.04000000000000002, 0.09999999999999996, -0.29999999999999977, 1.6565383518835705e-16, 0.19999999999999982]"
svi-width-0.5,0,minpack,2.53458059e2,true,8,7,4.95536142e-17,2.77555756e-16,2.77555756e-16,"Converged { ftol: false, xtol: true }","[0.040000000000000015, 0.09999999999999998, -0.2999999999999997, 1.2677258358306206e-16, 0.19999999999999984]"
svi-width-0.5,1,cholesky,2.53458059e2,true,19,16,4.65475154e-17,4.00000000e-1,2.77555756e-16,"SolverConverged","[0.03999999999999997, 0.10000000000000005, -0.2999999999999997, 4.822374961163701e-17, -0.2000000000000002]"
svi-width-0.5,1,qr,2.53458059e2,true,19,16,4.49691721e-17,4.00000000e-1,4.44089210e-16,"SolverConverged","[0.03999999999999997, 0.10000000000000005, -0.29999999999999954, 1.0473308140181395e-16, -0.20000000000000018]"
svi-width-0.5,1,minpack,2.53458059e2,true,16,11,3.60555504e-17,4.00000000e-1,3.33066907e-16,"Converged { ftol: false, xtol: true }","[0.03999999999999998, 0.10000000000000003, -0.29999999999999966, 1.0876964731068312e-16, -0.20000000000000018]"
svi-width-0.5,2,cholesky,2.53458059e2,true,10,9,5.28450416e-17,2.77555756e-16,2.77555756e-16,"SolverConverged","[0.03999999999999999, 0.10000000000000002, -0.2999999999999997, 1.0514856774389036e-16, 0.2000000000000001]"
svi-width-0.5,2,qr,2.53458059e2,true,10,9,2.86097925e-17,1.94289029e-16,1.94289029e-16,"SolverConverged","[0.04000000000000003, 0.09999999999999996, -0.29999999999999993, 8.845818855896589e-17, 0.19999999999999982]"
svi-width-0.5,2,minpack,2.53458059e2,true,6,5,5.37484411e-17,4.99600361e-16,4.99600361e-16,"Converged { ftol: false, xtol: true }","[0.03999999999999995, 0.10000000000000007, -0.2999999999999995, 1.1170733084603053e-16, 0.20000000000000037]"
svi-width-0.01,0,cholesky,1.48482639e8,false,1200,1199,2.34402218e-7,3.12097652e-1,3.12097652e-1,"MaxIter","[0.02505146320811669, 0.13608891559847403, 0.012097652378573751, 0.05991369276667918, 0.2504651587131857]"
svi-width-0.01,0,qr,1.48482639e8,false,1200,1199,2.34402218e-7,3.12097652e-1,3.12097652e-1,"MaxIter","[0.025051463207099493, 0.13608891559579026, 0.012097652282352602, 0.05991369274452169, 0.2504651587251755]"
svi-width-0.01,0,minpack,1.48482639e8,false,1200,1186,2.70658214e-9,5.35545690e-2,5.35545690e-2,"LostPatience","[0.03035827801774489, 0.12172982674753179, -0.24644543096258514, 4.811079269193474e-7, 0.2435040681629013]"
svi-width-0.01,1,cholesky,1.48482639e8,false,1200,1194,4.08303575e-8,4.29060588e-1,4.29060588e-1,"MaxIter","[0.05662263811970216, 0.04115062947204811, -0.7290605876009125, -2.612611706503388e-6, 0.08207488714559708]"
svi-width-0.01,1,qr,1.48482639e8,false,1200,1194,4.08303583e-8,4.29060594e-1,4.29060594e-1,"MaxIter","[0.056622638174649506, 0.04115062913842143, -0.7290605935121635, -2.6126117422130358e-6, 0.08207488647576444]"
svi-width-0.01,1,minpack,1.48482639e8,false,1200,1173,1.26131207e-8,1.75796824e-1,1.75796824e-1,"LostPatience","[0.0520554226176582, 0.0630529875949553, -0.4757968238116239, -8.236767037798833e-7, 0.12599878629119968]"
svi-width-0.01,2,cholesky,1.48482639e8,false,1200,1199,1.97420390e-9,3.79798342e-2,3.79798342e-2,"MaxIter","[0.033778616555862326, 0.11449428791802928, -0.26202016584209376, 3.7565011948085014e-7, 0.22901904543173734]"
svi-width-0.01,2,qr,1.48482639e8,false,1200,1199,1.97420362e-9,3.79798285e-2,3.79798285e-2,"MaxIter","[0.03377861769080858, 0.11449428544140604, -0.2620201715207358, 3.756476241764692e-7, 0.22901904047360655]"
svi-width-0.01,2,minpack,1.48482639e8,true,10,7,1.38777878e-17,1.38017930e-11,1.38017930e-11,"Converged { ftol: false, xtol: true }","[0.03999999999837322, 0.10000000000403969, -0.2999999999861982, 3.3672202439006614e-13, 0.20000000000808746]"
ssvi-narrow-false,0,cholesky,8.29274818e0,true,8,7,1.55507099e-16,6.66133815e-16,6.66133815e-16,"SolverConverged","[-0.29999999999999993, 0.5000000000000007, 0.4999999999999996]"
ssvi-narrow-false,0,qr,8.29274818e0,true,8,7,1.44950654e-16,5.55111512e-16,5.55111512e-16,"SolverConverged","[-0.29999999999999993, 0.5000000000000006, 0.4999999999999996]"
ssvi-narrow-false,0,minpack,8.29274818e0,true,7,6,0.00000000e0,0.00000000e0,0.00000000e0,"ResidualsZero","[-0.3, 0.5, 0.5]"
ssvi-narrow-false,1,cholesky,8.29274818e0,true,8,7,3.86341262e-17,5.55111512e-17,5.55111512e-17,"SolverConverged","[-0.3, 0.49999999999999994, 0.5]"
ssvi-narrow-false,1,qr,8.29274818e0,true,8,7,9.68963801e-17,2.77555756e-16,2.77555756e-16,"SolverConverged","[-0.3, 0.4999999999999997, 0.5000000000000001]"
ssvi-narrow-false,1,minpack,8.29274818e0,true,8,7,1.15551336e-16,4.44089210e-16,4.44089210e-16,"Converged { ftol: false, xtol: true }","[-0.3, 0.49999999999999956, 0.5000000000000002]"
ssvi-narrow-false,2,cholesky,8.29274818e0,true,8,7,3.86341262e-17,5.55111512e-17,5.55111512e-17,"SolverConverged","[-0.3, 0.49999999999999994, 0.5]"
ssvi-narrow-false,2,qr,8.29274818e0,true,8,7,1.39793313e-16,4.99600361e-16,4.99600361e-16,"SolverConverged","[-0.3, 0.4999999999999995, 0.5000000000000002]"
ssvi-narrow-false,2,minpack,8.29274818e0,true,7,6,1.01891933e-16,2.22044605e-16,2.22044605e-16,"Converged { ftol: false, xtol: true }","[-0.29999999999999993, 0.5000000000000002, 0.4999999999999999]"
ssvi-narrow-true,0,cholesky,3.90077509e2,true,32,31,3.02459373e-17,1.80966353e-14,1.80966353e-14,"SolverConverged","[-0.3, 0.4999999999999819, 0.5000000000000111]"
ssvi-narrow-true,0,qr,3.90077509e2,true,32,31,1.69967494e-17,1.43773882e-14,1.43773882e-14,"SolverConverged","[-0.3, 0.4999999999999856, 0.5000000000000088]"
ssvi-narrow-true,0,minpack,3.90077509e2,true,7,6,3.25462973e-17,1.65978342e-14,1.65978342e-14,"Converged { ftol: false, xtol: true }","[-0.3, 0.4999999999999834, 0.5000000000000102]"
ssvi-narrow-true,1,cholesky,3.90077509e2,true,29,26,3.25462973e-17,1.09356968e-14,1.09356968e-14,"SolverConverged","[-0.3, 0.49999999999998906, 0.5000000000000068]"
ssvi-narrow-true,1,qr,3.90077509e2,true,29,26,3.67171753e-17,1.96509475e-14,1.96509475e-14,"SolverConverged","[-0.3, 0.49999999999998035, 0.5000000000000121]"
ssvi-narrow-true,1,minpack,3.90077509e2,true,7,6,3.53815554e-17,9.49240686e-15,9.49240686e-15,"Converged { ftol: false, xtol: true }","[-0.30000000000000004, 0.4999999999999905, 0.5000000000000058]"
ssvi-narrow-true,2,cholesky,3.90077509e2,true,13,12,1.69967494e-17,1.50435220e-14,1.50435220e-14,"SolverConverged","[-0.3, 0.49999999999998496, 0.5000000000000092]"
ssvi-narrow-true,2,qr,3.90077509e2,true,13,12,1.69967494e-17,1.32116540e-14,1.32116540e-14,"SolverConverged","[-0.3, 0.4999999999999868, 0.5000000000000081]"
ssvi-narrow-true,2,minpack,3.90077509e2,true,7,6,0.00000000e0,9.93649607e-15,9.93649607e-15,"ResidualsZero","[-0.3, 0.49999999999999006, 0.5000000000000061]"
