case,start,solver,profile,row,boundary,residual_calls,jacobian_calls,trial_evaluated,accepted,trial_unchanged,base_residual_norm,base_relative_residual,base_gradient_inf,base_orthogonality,base_equivalent_parameter_error,actual_relative_reduction,reconstructed_linear_relative_reduction,reconstructed_relative_step,reconstructed_scaled_relative_step,svd_rank,svd_relative_model_potential,svd_relative_step,svd_scaled_relative_step,reason
collinear-1e-8,0,nielsen-cholesky,relative,boundary,1,2,1,true,true,false,1.4142135616287155e-8,1.0000000000000000e0,1.1102230246251565e-16,4.5324665132184805e-9,1.0000000000000000e0,6.6560138948091504e-14,6.6666869134408491e-14,1.0000000000000000e0,1.0000000000000000e0,2,1.0000000000000004e0,inf,inf,Some(SolverConverged)
collinear-1e-8,0,nielsen-cholesky,relative,final,1,2,1,false,false,false,1.4142135616286684e-8,9.9999999999996669e-1,1.0000550905475673e-16,4.0827078384708670e-9,9.9999999999996669e-1,,,,,2,1.0000000000000009e0,2.9999999977993082e13,2.9999999977993090e13,Some(SolverConverged)
collinear-1e-8,0,nielsen-cholesky,gradient-only,boundary,1,2,1,true,true,false,1.4142135616287155e-8,1.0000000000000000e0,1.1102230246251565e-16,4.5324665132184805e-9,1.0000000000000000e0,6.6560138948091504e-14,6.6666869134408491e-14,1.0000000000000000e0,1.0000000000000000e0,2,1.0000000000000004e0,inf,inf,None
collinear-1e-8,0,nielsen-cholesky,gradient-only,boundary,2,3,2,true,true,false,1.4142135616286684e-8,9.9999999999996669e-1,1.0000550905475673e-16,4.0827078384708670e-9,9.9999999999996669e-1,2.0005019539399946e-13,1.9999999938099024e-13,7.4999999992888888e-1,7.4999999992888888e-1,2,1.0000000000000009e0,2.9999999977993082e13,2.9999999977993090e13,None
collinear-1e-8,0,nielsen-cholesky,gradient-only,boundary,3,4,3,true,true,false,1.4142135616285269e-8,9.9999999999986666e-1,1.0000000168623835e-16,4.0824829627972292e-9,9.9999999999986666e-1,6.0015058618211848e-13,6.0000000146940484e-13,6.9230769230153499e-1,6.9230769230153488e-1,2,1.0000000000000004e0,7.5000000051618203e12,7.5000000051618213e12,None
collinear-1e-8,0,nielsen-cholesky,gradient-only,boundary,4,5,4,true,true,false,1.4142135616281026e-8,9.9999999999956657e-1,1.0000000168623835e-16,4.0824829627972292e-9,9.9999999999956668e-1,1.7998354609645827e-12,1.7999999943130006e-12,6.7499999999972360e-1,6.7499999999972371e-1,2,1.0000000000000009e0,2.3076923094776870e12,2.3076923094776865e12,None
collinear-1e-8,0,nielsen-cholesky,gradient-only,boundary,5,6,5,true,true,false,1.4142135616268299e-8,9.9999999999866662e-1,1.0000000003187713e-16,4.0824829627972292e-9,9.9999999999866662e-1,5.3999994209697500e-12,5.3999999930347673e-12,6.6942148760565712e-1,6.6942148760565712e-1,2,1.0000000000000009e0,7.5000000058476013e11,7.5000000058476025e11,None
collinear-1e-8,0,nielsen-cholesky,gradient-only,boundary,6,7,6,true,true,false,1.4142135616230114e-8,9.9999999999596656e-1,1.0000000168623835e-16,4.0824829072860780e-9,9.9999999999596667e-1,1.6199998262996730e-11,1.6199999979103753e-11,6.6758241757974979e-1,6.6758241757974968e-1,2,1.0000000000000009e0,2.4793388448855450e11,2.4793388448855453e11,None
collinear-1e-8,0,nielsen-cholesky,gradient-only,boundary,7,8,7,true,true,false,1.4142135616115563e-8,9.9999999998786659e-1,1.0000000168623835e-16,4.0824829627972292e-9,9.9999999998786671e-1,4.8599994789777504e-11,4.8600000098872167e-11,6.6697163767530265e-1,6.6697163767530276e-1,2,1.0000000000000009e0,8.2417582481085022e10,8.2417582481085007e10,None
collinear-1e-8,0,nielsen-cholesky,gradient-only,boundary,8,9,8,true,true,false,1.4142135615771909e-8,9.9999999996356659e-1,1.0000000168623835e-16,4.0824829072860780e-9,9.9999999996356670e-1,1.4579998437641841e-10,1.4579999997349688e-10,6.6676829277608485e-1,6.6676829277608485e-1,2,1.0000000000000009e0,2.7447392519769650e10,2.7447392519769653e10,None
collinear-1e-8,0,nielsen-cholesky,gradient-only,boundary,9,10,9,true,true,false,1.4142135614740948e-8,9.9999999989066668e-1,1.0000000168623835e-16,4.0824829627972292e-9,9.9999999989066668e-1,4.3739995319302810e-10,4.3739999992049286e-10,6.6670053861543066e-1,6.6670053861543066e-1,2,1.0000000000000009e0,9.1463414675409966e9,9.1463414675409966e9,None
collinear-1e-8,0,nielsen-cholesky,gradient-only,boundary,10,11,10,true,true,false,1.4142135611648063e-8,9.9999999967196662e-1,1.0000000003187713e-16,4.0824829627972292e-9,9.9999999967196662e-1,1.3122001066720737e-9,1.3122000023464162e-9,6.6667795710877575e-1,6.6667795710877586e-1,2,1.0000000000000009e0,3.0484706841040654e9,3.0484706841040649e9,None
collinear-1e-8,0,nielsen-cholesky,gradient-only,first-unchanged,106,107,100,true,false,true,6.2803698347351007e-16,4.4408921008381162e-8,8.8817841923262733e-24,8.1649658145721560e-9,4.7636156907948646e-8,0.0000000000000000e0,-0.0000000000000000e0,0.0000000000000000e0,0.0000000000000000e0,2,1.0000000000000004e0,4.4408923172800475e-8,4.4408923172800468e-8,None
collinear-1e-8,0,nielsen-cholesky,gradient-only,boundary,599,600,100,true,false,true,6.2803698347351007e-16,4.4408921008381162e-8,8.8817841923262733e-24,8.1649658145721560e-9,4.7636156907948646e-8,0.0000000000000000e0,-0.0000000000000000e0,0.0000000000000000e0,0.0000000000000000e0,2,1.0000000000000004e0,4.4408923172800475e-8,4.4408923172800468e-8,None
collinear-1e-8,0,nielsen-cholesky,gradient-only,final,599,600,100,false,false,false,6.2803698347351007e-16,4.4408921008381162e-8,8.8817841923262733e-24,8.1649658145721560e-9,4.7636156907948646e-8,,,,,2,1.0000000000000004e0,4.4408923172800475e-8,4.4408923172800468e-8,Some(MaxIter)
collinear-1e-8,0,nielsen-qr,relative,boundary,1,2,1,true,true,false,1.4142135616287155e-8,1.0000000000000000e0,1.1102230246251565e-16,4.5324665132184805e-9,1.0000000000000000e0,6.6560138948091504e-14,6.6666869134494496e-14,1.0000000000000000e0,1.0000000000000000e0,2,1.0000000000000004e0,inf,inf,Some(SolverConverged)
collinear-1e-8,0,nielsen-qr,relative,final,1,2,1,false,false,false,1.4142135616286684e-8,9.9999999999996669e-1,1.0000550905475673e-16,4.0827078384708670e-9,9.9999999999996669e-1,,,,,2,1.0000000000000009e0,3.0000000086238859e13,3.0000000086238863e13,Some(SolverConverged)
collinear-1e-8,0,nielsen-qr,gradient-only,boundary,1,2,1,true,true,false,1.4142135616287155e-8,1.0000000000000000e0,1.1102230246251565e-16,4.5324665132184805e-9,1.0000000000000000e0,6.6560138948091504e-14,6.6666869134494496e-14,1.0000000000000000e0,1.0000000000000000e0,2,1.0000000000000004e0,inf,inf,None
collinear-1e-8,0,nielsen-qr,gradient-only,boundary,2,3,2,true,true,false,1.4142135616286684e-8,9.9999999999996669e-1,1.0000550905475673e-16,4.0827078384708670e-9,9.9999999999996669e-1,2.0005019539399946e-13,1.9999999938126901e-13,7.4999999992879518e-1,7.4999999992879518e-1,2,1.0000000000000009e0,3.0000000086238859e13,3.0000000086238863e13,None
collinear-1e-8,0,nielsen-qr,gradient-only,boundary,3,4,3,true,true,false,1.4142135616285269e-8,9.9999999999986666e-1,1.0000000168623835e-16,4.0824830183083805e-9,9.9999999999986666e-1,6.0015058618211848e-13,5.9999999642089871e-13,6.9230769230140199e-1,6.9230769230140210e-1,2,1.0000000000000004e0,7.5000000322260752e12,7.5000000322260762e12,None
collinear-1e-8,0,nielsen-qr,gradient-only,boundary,4,5,4,true,true,false,1.4142135616281026e-8,9.9999999999956657e-1,1.0000000003187713e-16,4.0824829627972292e-9,9.9999999999956668e-1,1.7998354609645827e-12,1.7999999943127488e-12,6.7499999999913973e-1,6.7499999999913984e-1,2,1.0000000000000009e0,2.3076923178061479e12,2.3076923178061479e12,None
collinear-1e-8,0,nielsen-qr,gradient-only,boundary,5,6,5,true,true,false,1.4142135616268299e-8,9.9999999999866662e-1,1.0000000003187713e-16,4.0824829072860780e-9,9.9999999999866662e-1,5.3999994209697500e-12,5.3999999526447133e-12,6.6942148760256681e-1,6.6942148760256692e-1,2,1.0000000000000009e0,7.5000000329285718e11,7.5000000329285730e11,None
collinear-1e-8,0,nielsen-qr,gradient-only,boundary,6,7,6,true,true,false,1.4142135616230114e-8,9.9999999999596656e-1,1.0000000168623835e-16,4.0824829072860780e-9,9.9999999999596667e-1,1.6199998262996730e-11,1.6199999979103715e-11,6.6758241758039061e-1,6.6758241758039072e-1,2,1.0000000000000009e0,2.4793388538611078e11,2.4793388538611084e11,None
collinear-1e-8,0,nielsen-qr,gradient-only,boundary,7,8,7,true,true,false,1.4142135616115563e-8,9.9999999998786659e-1,1.0000000168623835e-16,4.0824829627972292e-9,9.9999999998786671e-1,4.8599994789777504e-11,4.8600000098871960e-11,6.6697163768834866e-1,6.6697163768834855e-1,2,1.0000000000000009e0,8.2417582779289597e10,8.2417582779289597e10,None
collinear-1e-8,0,nielsen-qr,gradient-only,boundary,8,9,8,true,true,false,1.4142135615771909e-8,9.9999999996356659e-1,1.0000000334059958e-16,4.0824830183083805e-9,9.9999999996356670e-1,1.4579998437641841e-10,1.4579999997349799e-10,6.6676829266470738e-1,6.6676829266470738e-1,2,1.0000000000000009e0,2.7447392618005013e10,2.7447392618005013e10,None
collinear-1e-8,0,nielsen-qr,gradient-only,boundary,9,10,9,true,true,false,1.4142135614740948e-8,9.9999999989066668e-1,1.0000000003187713e-16,4.0824829072860780e-9,9.9999999989066668e-1,4.3740007645254470e-10,4.3739999992049234e-10,6.6670053850848465e-1,6.6670053850848454e-1,2,1.0000000000000009e0,9.1463415033331566e9,9.1463415033331566e9,None
collinear-1e-8,0,nielsen-qr,gradient-only,boundary,10,11,10,true,true,false,1.4142135611648063e-8,9.9999999967196662e-1,1.0000000168623835e-16,4.0824829627972292e-9,9.9999999967196662e-1,1.3121999834125574e-9,1.3121999920066575e-9,6.6667795675238750e-1,6.6667795675238750e-1,2,1.0000000000000004e0,3.0484706970117378e9,3.0484706970117378e9,None
collinear-1e-8,0,nielsen-qr,gradient-only,boundary,36,36,36,false,false,false,0.0000000000000000e0,0.0000000000000000e0,0.0000000000000000e0,0.0000000000000000e0,1.9949510932093517e-9,,,,,2,0.0000000000000000e0,0.0000000000000000e0,0.0000000000000000e0,Some(SolverConverged)
collinear-1e-8,0,nielsen-qr,gradient-only,final,36,36,36,false,false,false,0.0000000000000000e0,0.0000000000000000e0,0.0000000000000000e0,0.0000000000000000e0,1.9949510932093517e-9,,,,,2,0.0000000000000000e0,0.0000000000000000e0,0.0000000000000000e0,Some(SolverConverged)
collinear-1e-8,0,trust-cholesky,relative,boundary,1,2,1,true,true,false,1.4142135616287155e-8,1.0000000000000000e0,1.1102230246251565e-16,4.5324665132184805e-9,1.0000000000000000e0,3.9965393927887760e-1,3.9965393927887766e-1,1.0000000000000000e0,1.0000000000000000e0,2,1.0000000000000004e0,inf,inf,None
collinear-1e-8,0,trust-cholesky,relative,boundary,2,3,2,true,true,false,1.0957609776672384e-8,7.7482001827593638e-1,1.5496400437515563e-16,8.1649658700833072e-9,7.7482001855969429e-1,3.9965394213609168e-1,3.9965394213609151e-1,4.3656258786044116e-1,4.3656258786044111e-1,2,1.0000000000000004e0,3.4408920996175159e0,3.4408920996175154e0,None
collinear-1e-8,0,trust-cholesky,relative,boundary,3,4,3,true,true,false,8.4901753872183207e-9,6.0034605929251528e-1,6.4558060332336018e-17,4.3900876267599642e-9,6.0034606046974659e-1,3.9965394096035112e-1,3.9965393737815469e-1,2.5275961242036810e-1,2.5275961242036810e-1,2,1.0000000000000009e0,1.5021647494826951e0,1.5021647494826948e0,None
collinear-1e-8,0,trust-cholesky,relative,boundary,4,5,4,true,true,false,6.5783578394779402e-9,4.6516014398149347e-1,9.3032028247896823e-17,8.1649658145721560e-9,4.6516014635562897e-1,3.9965391777306336e-1,3.9965393857774578e-1,1.6376997042066654e-1,1.6376997042066657e-1,2,1.0000000000000004e0,8.6971855467506820e-1,8.6971855467506798e-1,None
collinear-1e-8,0,trust-cholesky,relative,boundary,5,6,5,true,true,false,5.0970434327040131e-9,3.6041539771644332e-1,7.2083079115456989e-17,8.1649658145721560e-9,3.6041539441794157e-1,3.9965395208896098e-1,3.9965393717174624e-1,1.1260371461483946e-1,1.1260371461483946e-1,2,1.0000000000000004e0,5.6351481096970080e-1,5.6351481096970080e-1,None
collinear-1e-8,0,trust-cholesky,relative,boundary,6,7,6,true,true,false,3.9492912435463076e-9,2.7925706206621331e-1,5.5851412389821821e-17,8.1649658145721560e-9,2.7925706235691905e-1,3.9965393167023266e-1,3.9965393937122889e-1,8.0246312635710040e-2,8.0246312635710040e-2,2,1.0000000000000009e0,3.8745723029520679e-1,3.8745723029520668e-1,None
collinear-1e-8,0,trust-cholesky,relative,boundary,7,8,7,true,true,false,3.0599899328923423e-9,2.1637396330496406e-1,4.3274792506852772e-17,8.1649658145721560e-9,2.1637396235018969e-1,3.9965395073378290e-1,3.9965393830993690e-1,5.8536836929250963e-2,5.8536836929250949e-2,2,1.0000000000000004e0,2.7611890512519199e-1,2.7611890512519199e-1,None
collinear-1e-8,0,trust-cholesky,relative,boundary,8,9,8,true,true,false,2.3709414331084472e-9,1.6765087660295744e-1,1.1102230246251565e-16,2.7035149507970146e-8,1.6765087749809027e-1,3.9965391329001548e-1,3.9965393573830627e-1,4.3387643762637838e-2,4.3387643762637845e-2,2,1.0000000000000007e0,2.0141893858650967e-1,2.0141893858650964e-1,None
collinear-1e-8,0,trust-cholesky,relative,boundary,9,10,9,true,true,false,1.8370529242950894e-9,1.2989925808513672e-1,2.5979851485024844e-17,8.1649658145721560e-9,1.2989925639703870e-1,3.9965394425001027e-1,3.9965393804166771e-1,3.2524228623430379e-2,3.2524228623430386e-2,2,1.0000000000000009e0,1.4929220459049564e-1,1.4929220459049566e-1,None
collinear-1e-8,0,trust-cholesky,relative,boundary,10,11,10,true,true,false,1.4233853744830512e-9,1.0064854510684883e-1,2.0129709040177008e-17,8.1649658145721560e-9,1.0064854403026402e-1,3.9965393585718367e-1,3.9965393852805881e-1,2.4580972546351904e-2,2.4580972546351901e-2,2,1.0000000000000004e0,1.1191236145746972e-1,1.1191236145746973e-1,None
collinear-1e-8,0,trust-cholesky,relative,boundary,83,84,68,true,false,false,4.7102773760513248e-16,3.3306690756285863e-8,6.6613381565706566e-24,8.1649658145721560e-9,3.7907145977733592e-8,0.0000000000000000e0,4.3172867340197987e-5,7.1898045800174861e-13,7.1898045800174861e-13,2,1.0000000000000009e0,3.3306692055559164e-8,3.3306692055559164e-8,Some(SolverConverged)
collinear-1e-8,0,trust-cholesky,relative,final,83,84,68,false,false,false,4.7102773760513248e-16,3.3306690756285863e-8,6.6613381565706566e-24,8.1649658145721560e-9,3.7907145977733592e-8,,,,,2,1.0000000000000009e0,3.3306692055559164e-8,3.3306692055559164e-8,Some(SolverConverged)
collinear-1e-8,0,trust-cholesky,gradient-only,boundary,1,2,1,true,true,false,1.4142135616287155e-8,1.0000000000000000e0,1.1102230246251565e-16,4.5324665132184805e-9,1.0000000000000000e0,3.9965393927887760e-1,3.9965393927887766e-1,1.0000000000000000e0,1.0000000000000000e0,2,1.0000000000000004e0,inf,inf,None
collinear-1e-8,0,trust-cholesky,gradient-only,boundary,2,3,2,true,true,false,1.0957609776672384e-8,7.7482001827593638e-1,1.5496400437515563e-16,8.1649658700833072e-9,7.7482001855969429e-1,3.9965394213609168e-1,3.9965394213609151e-1,4.3656258786044116e-1,4.3656258786044111e-1,2,1.0000000000000004e0,3.4408920996175159e0,3.4408920996175154e0,None
collinear-1e-8,0,trust-cholesky,gradient-only,boundary,3,4,3,true,true,false,8.4901753872183207e-9,6.0034605929251528e-1,6.4558060332336018e-17,4.3900876267599642e-9,6.0034606046974659e-1,3.9965394096035112e-1,3.9965393737815469e-1,2.5275961242036810e-1,2.5275961242036810e-1,2,1.0000000000000009e0,1.5021647494826951e0,1.5021647494826948e0,None
collinear-1e-8,0,trust-cholesky,gradient-only,boundary,4,5,4,true,true,false,6.5783578394779402e-9,4.6516014398149347e-1,9.3032028247896823e-17,8.1649658145721560e-9,4.6516014635562897e-1,3.9965391777306336e-1,3.9965393857774578e-1,1.6376997042066654e-1,1.6376997042066657e-1,2,1.0000000000000004e0,8.6971855467506820e-1,8.6971855467506798e-1,None
collinear-1e-8,0,trust-cholesky,gradient-only,boundary,5,6,5,true,true,false,5.0970434327040131e-9,3.6041539771644332e-1,7.2083079115456989e-17,8.1649658145721560e-9,3.6041539441794157e-1,3.9965395208896098e-1,3.9965393717174624e-1,1.1260371461483946e-1,1.1260371461483946e-1,2,1.0000000000000004e0,5.6351481096970080e-1,5.6351481096970080e-1,None
collinear-1e-8,0,trust-cholesky,gradient-only,boundary,6,7,6,true,true,false,3.9492912435463076e-9,2.7925706206621331e-1,5.5851412389821821e-17,8.1649658145721560e-9,2.7925706235691905e-1,3.9965393167023266e-1,3.9965393937122889e-1,8.0246312635710040e-2,8.0246312635710040e-2,2,1.0000000000000009e0,3.8745723029520679e-1,3.8745723029520668e-1,None
collinear-1e-8,0,trust-cholesky,gradient-only,boundary,7,8,7,true,true,false,3.0599899328923423e-9,2.1637396330496406e-1,4.3274792506852772e-17,8.1649658145721560e-9,2.1637396235018969e-1,3.9965395073378290e-1,3.9965393830993690e-1,5.8536836929250963e-2,5.8536836929250949e-2,2,1.0000000000000004e0,2.7611890512519199e-1,2.7611890512519199e-1,None
collinear-1e-8,0,trust-cholesky,gradient-only,boundary,8,9,8,true,true,false,2.3709414331084472e-9,1.6765087660295744e-1,1.1102230246251565e-16,2.7035149507970146e-8,1.6765087749809027e-1,3.9965391329001548e-1,3.9965393573830627e-1,4.3387643762637838e-2,4.3387643762637845e-2,2,1.0000000000000007e0,2.0141893858650967e-1,2.0141893858650964e-1,None
collinear-1e-8,0,trust-cholesky,gradient-only,boundary,9,10,9,true,true,false,1.8370529242950894e-9,1.2989925808513672e-1,2.5979851485024844e-17,8.1649658145721560e-9,1.2989925639703870e-1,3.9965394425001027e-1,3.9965393804166771e-1,3.2524228623430379e-2,3.2524228623430386e-2,2,1.0000000000000009e0,1.4929220459049564e-1,1.4929220459049566e-1,None
collinear-1e-8,0,trust-cholesky,gradient-only,boundary,10,11,10,true,true,false,1.4233853744830512e-9,1.0064854510684883e-1,2.0129709040177008e-17,8.1649658145721560e-9,1.0064854403026402e-1,3.9965393585718367e-1,3.9965393852805881e-1,2.4580972546351904e-2,2.4580972546351901e-2,2,1.0000000000000004e0,1.1191236145746972e-1,1.1191236145746973e-1,None
collinear-1e-8,0,trust-cholesky,gradient-only,first-unchanged,97,98,68,true,false,true,4.7102773760513248e-16,3.3306690756285863e-8,6.6613381565706566e-24,8.1649658145721560e-9,3.7907145977733592e-8,0.0000000000000000e0,-0.0000000000000000e0,0.0000000000000000e0,0.0000000000000000e0,2,1.0000000000000009e0,3.3306692055559164e-8,3.3306692055559164e-8,None
collinear-1e-8,0,trust-cholesky,gradient-only,boundary,599,600,68,true,false,true,4.7102773760513248e-16,3.3306690756285863e-8,6.6613381565706566e-24,8.1649658145721560e-9,3.7907145977733592e-8,0.0000000000000000e0,-0.0000000000000000e0,0.0000000000000000e0,0.0000000000000000e0,2,1.0000000000000009e0,3.3306692055559164e-8,3.3306692055559164e-8,None
collinear-1e-8,0,trust-cholesky,gradient-only,final,599,600,68,false,false,false,4.7102773760513248e-16,3.3306690756285863e-8,6.6613381565706566e-24,8.1649658145721560e-9,3.7907145977733592e-8,,,,,2,1.0000000000000009e0,3.3306692055559164e-8,3.3306692055559164e-8,Some(MaxIter)
collinear-1e-8,0,trust-qr,relative,boundary,1,2,1,true,true,false,1.4142135616287155e-8,1.0000000000000000e0,1.1102230246251565e-16,4.5324665132184805e-9,1.0000000000000000e0,9.9999999999999922e-1,9.9999999999999911e-1,1.0000000000000000e0,1.0000000000000000e0,2,1.0000000000000004e0,inf,inf,None
collinear-1e-8,0,trust-qr,relative,boundary,2,3,2,true,true,false,3.8459253727671276e-16,2.7194799124524506e-8,6.6613381477509392e-16,1.0000000000000002e0,2.2368082941426337e-9,1.0000000000000000e0,1.0000000000000002e0,1.5700924551717795e-16,1.5700924551717797e-16,2,1.0000000000000000e0,1.1102230221418010e-16,1.1102230221418011e-16,Some(SolverConverged)
collinear-1e-8,0,trust-qr,relative,final,2,3,2,false,false,false,0.0000000000000000e0,0.0000000000000000e0,0.0000000000000000e0,0.0000000000000000e0,2.2368080720980288e-9,,,,,2,0.0000000000000000e0,0.0000000000000000e0,0.0000000000000000e0,Some(SolverConverged)
collinear-1e-8,0,trust-qr,gradient-only,boundary,1,2,1,true,true,false,1.4142135616287155e-8,1.0000000000000000e0,1.1102230246251565e-16,4.5324665132184805e-9,1.0000000000000000e0,9.9999999999999922e-1,9.9999999999999911e-1,1.0000000000000000e0,1.0000000000000000e0,2,1.0000000000000004e0,inf,inf,None
collinear-1e-8,0,trust-qr,gradient-only,boundary,2,3,2,true,true,false,3.8459253727671276e-16,2.7194799124524506e-8,6.6613381477509392e-16,1.0000000000000002e0,2.2368082941426337e-9,1.0000000000000000e0,1.0000000000000002e0,1.5700924551717795e-16,1.5700924551717797e-16,2,1.0000000000000000e0,1.1102230221418010e-16,1.1102230221418011e-16,None
collinear-1e-8,0,trust-qr,gradient-only,boundary,3,3,3,false,false,false,0.0000000000000000e0,0.0000000000000000e0,0.0000000000000000e0,0.0000000000000000e0,2.2368080720980288e-9,,,,,2,0.0000000000000000e0,0.0000000000000000e0,0.0000000000000000e0,Some(SolverConverged)
collinear-1e-8,0,trust-qr,gradient-only,final,3,3,3,false,false,false,0.0000000000000000e0,0.0000000000000000e0,0.0000000000000000e0,0.0000000000000000e0,2.2368080720980288e-9,,,,,2,0.0000000000000000e0,0.0000000000000000e0,0.0000000000000000e0,Some(SolverConverged)
collinear-1e-8,1,nielsen-cholesky,relative,boundary,1,2,1,true,true,false,5.1961524227066320e0,3.6742346161087221e8,9.0000000000000000e0,1.0000000000000000e0,2.0000000000000000e0,9.9999975024981258e-1,9.9999975024981258e-1,2.9984973796879113e0,2.9984973796879113e0,2,9.9999999999999956e-1,1.5811388360973684e0,1.5811388360973684e0,None
collinear-1e-8,1,nielsen-cholesky,relative,boundary,2,3,2,true,true,false,2.5967778224513065e-3,1.8361992084566495e5,4.4977511244371103e-3,9.9999999999630362e-1,5.0074962518733956e-1,9.9999997222406434e-1,9.9999997222406400e-1,1.4990005413883993e-3,1.4990005413883991e-3,2,9.9999999999999944e-1,1.0014992429270619e0,1.0014992429270617e0,None
collinear-1e-8,1,nielsen-cholesky,relative,boundary,3,4,3,true,true,false,4.3278195269793675e-7,3.0602305368894374e1,7.4950027072481436e-7,9.9986651560466511e-1,5.0000012491659529e-1,9.9973304581171318e-1,9.9973304580875999e-1,2.4981954466212469e-7,2.4981954466212474e-7,2,9.9999999999999978e-1,1.0000002564532922e0,1.0000002564532919e0,None
collinear-1e-8,1,nielsen-cholesky,relative,boundary,4,5,4,true,true,false,7.0711086695973778e-9,5.0000288934110859e-1,4.1636738581366046e-11,3.3996058258142781e-3,5.0000000000667300e-1,1.1557264253482075e-5,1.1557293810385328e-5,1.3907823386278688e-11,1.3907823386278690e-11,2,1.0000000000000007e0,1.0000000011016978e0,1.0000000011016978e0,None
collinear-1e-8,1,nielsen-cholesky,relative,boundary,5,6,5,true,true,false,7.0710678081435859e-9,5.0000000000000056e-1,7.1062266357571322e-16,5.8022097515486593e-8,4.9999999999928368e-1,2.4651903314107906e-15,5.4030340719690073e-12,2.7000624050073454e-12,2.7000624050073446e-12,2,1.0000000000000007e0,1.0000000011007979e0,1.0000000011007979e0,None
collinear-1e-8,1,nielsen-cholesky,relative,boundary,6,7,6,true,false,false,7.0710678081435776e-9,5.0000000000000000e-1,5.5511151231257827e-17,4.5324665132184805e-9,4.9999999999793354e-1,0.0000000000000000e0,2.7036150948728193e-12,1.3518075547780039e-12,1.3518075547780033e-12,2,1.0000000000000004e0,1.0000000010980978e0,1.0000000010980976e0,None
collinear-1e-8,1,nielsen-cholesky,relative,boundary,7,8,6,true,false,false,7.0710678081435776e-9,5.0000000000000000e-1,5.5511151231257827e-17,4.5324665132184805e-9,4.9999999999793354e-1,0.0000000000000000e0,1.3518075474368664e-12,6.7590377738900195e-13,6.7590377738900165e-13,2,1.0000000000000004e0,1.0000000010980978e0,1.0000000010980976e0,Some(SolverConverged)
collinear-1e-8,1,nielsen-cholesky,relative,final,7,8,6,false,false,false,7.0710678081435776e-9,5.0000000000000000e-1,5.5511151231257827e-17,4.5324665132184805e-9,4.9999999999793354e-1,,,,,2,1.0000000000000004e0,1.0000000010980978e0,1.0000000010980976e0,Some(SolverConverged)
collinear-1e-8,1,nielsen-cholesky,gradient-only,boundary,1,2,1,true,true,false,5.1961524227066320e0,3.6742346161087221e8,9.0000000000000000e0,1.0000000000000000e0,2.0000000000000000e0,9.9999975024981258e-1,9.9999975024981258e-1,2.9984973796879113e0,2.9984973796879113e0,2,9.9999999999999956e-1,1.5811388360973684e0,1.5811388360973684e0,None
collinear-1e-8,1,nielsen-cholesky,gradient-only,boundary,2,3,2,true,true,false,2.5967778224513065e-3,1.8361992084566495e5,4.4977511244371103e-3,9.9999999999630362e-1,5.0074962518733956e-1,9.9999997222406434e-1,9.9999997222406400e-1,1.4990005413883993e-3,1.4990005413883991e-3,2,9.9999999999999944e-1,1.0014992429270619e0,1.0014992429270617e0,None
collinear-1e-8,1,nielsen-cholesky,gradient-only,boundary,3,4,3,true,true,false,4.3278195269793675e-7,3.0602305368894374e1,7.4950027072481436e-7,9.9986651560466511e-1,5.0000012491659529e-1,9.9973304581171318e-1,9.9973304580875999e-1,2.4981954466212469e-7,2.4981954466212474e-7,2,9.9999999999999978e-1,1.0000002564532922e0,1.0000002564532919e0,None
collinear-1e-8,1,nielsen-cholesky,gradient-only,boundary,4,5,4,true,true,false,7.0711086695973778e-9,5.0000288934110859e-1,4.1636738581366046e-11,3.3996058258142781e-3,5.0000000000667300e-1,1.1557264253482075e-5,1.1557293810385328e-5,1.3907823386278688e-11,1.3907823386278690e-11,2,1.0000000000000007e0,1.0000000011016978e0,1.0000000011016978e0,None
collinear-1e-8,1,nielsen-cholesky,gradient-only,boundary,5,6,5,true,true,false,7.0710678081435859e-9,5.0000000000000056e-1,7.1062266357571322e-16,5.8022097515486593e-8,4.9999999999928368e-1,2.4651903314107906e-15,5.4030340719690073e-12,2.7000624050073454e-12,2.7000624050073446e-12,2,1.0000000000000007e0,1.0000000011007979e0,1.0000000011007979e0,None
collinear-1e-8,1,nielsen-cholesky,gradient-only,boundary,6,7,6,true,false,false,7.0710678081435776e-9,5.0000000000000000e-1,5.5511151231257827e-17,4.5324665132184805e-9,4.9999999999793354e-1,0.0000000000000000e0,2.7036150948728193e-12,1.3518075547780039e-12,1.3518075547780033e-12,2,1.0000000000000004e0,1.0000000010980978e0,1.0000000010980976e0,None
collinear-1e-8,1,nielsen-cholesky,gradient-only,boundary,7,8,6,true,false,false,7.0710678081435776e-9,5.0000000000000000e-1,5.5511151231257827e-17,4.5324665132184805e-9,4.9999999999793354e-1,0.0000000000000000e0,1.3518075474368664e-12,6.7590377738900195e-13,6.7590377738900165e-13,2,1.0000000000000004e0,1.0000000010980978e0,1.0000000010980976e0,None
collinear-1e-8,1,nielsen-cholesky,gradient-only,boundary,8,9,6,true,false,false,7.0710678081435776e-9,5.0000000000000000e-1,5.5511151231257827e-17,4.5324665132184805e-9,4.9999999999793354e-1,0.0000000000000000e0,3.3795188685930224e-13,1.6897594434725049e-13,1.6897594434725041e-13,2,1.0000000000000004e0,1.0000000010980978e0,1.0000000010980976e0,None
collinear-1e-8,1,nielsen-cholesky,gradient-only,boundary,9,10,6,true,false,false,7.0710678081435776e-9,5.0000000000000000e-1,5.5511151231257827e-17,4.5324665132184805e-9,4.9999999999793354e-1,0.0000000000000000e0,4.2188474977663736e-14,2.1094237467790796e-14,2.1094237467790789e-14,2,1.0000000000000004e0,1.0000000010980978e0,1.0000000010980976e0,None
collinear-1e-8,1,nielsen-cholesky,gradient-only,boundary,10,11,6,true,false,false,7.0710678081435776e-9,5.0000000000000000e-1,5.5511151231257827e-17,4.5324665132184805e-9,4.9999999999793354e-1,0.0000000000000000e0,2.6645352640307540e-15,1.3322676295446816e-15,1.3322676295446816e-15,2,1.0000000000000004e0,1.0000000010980978e0,1.0000000010980976e0,None
collinear-1e-8,1,nielsen-cholesky,gradient-only,first-unchanged,11,12,6,true,false,true,7.0710678081435776e-9,5.0000000000000000e-1,5.5511151231257827e-17,4.5324665132184805e-9,4.9999999999793354e-1,0.0000000000000000e0,-0.0000000000000000e0,0.0000000000000000e0,0.0000000000000000e0,2,1.0000000000000004e0,1.0000000010980978e0,1.0000000010980976e0,None
collinear-1e-8,1,nielsen-cholesky,gradient-only,boundary,599,600,6,true,false,true,7.0710678081435776e-9,5.0000000000000000e-1,5.5511151231257827e-17,4.5324665132184805e-9,4.9999999999793354e-1,0.0000000000000000e0,-0.0000000000000000e0,0.0000000000000000e0,0.0000000000000000e0,2,1.0000000000000004e0,1.0000000010980978e0,1.0000000010980976e0,None
collinear-1e-8,1,nielsen-cholesky,gradient-only,final,599,600,6,false,false,false,7.0710678081435776e-9,5.0000000000000000e-1,5.5511151231257827e-17,4.5324665132184805e-9,4.9999999999793354e-1,,,,,2,1.0000000000000004e0,1.0000000010980978e0,1.0000000010980976e0,Some(MaxIter)
collinear-1e-8,1,nielsen-qr,relative,boundary,1,2,1,true,true,false,5.1961524227066320e0,3.6742346161087221e8,9.0000000000000000e0,1.0000000000000000e0,2.0000000000000000e0,9.9999975024981258e-1,9.9999975024981258e-1,2.9984973796882066e0,2.9984973796882062e0,2,9.9999999999999956e-1,1.5811388360973684e0,1.5811388360973684e0,None
collinear-1e-8,1,nielsen-qr,relative,boundary,2,3,2,true,true,false,2.5967778224513065e-3,1.8361992084566495e5,4.4977511244371103e-3,9.9999999999630362e-1,5.0074962518738886e-1,9.9999997222406434e-1,9.9999997222406423e-1,1.4990005413884912e-3,1.4990005413884912e-3,2,9.9999999999999944e-1,1.0014992429271605e0,1.0014992429271603e0,None
collinear-1e-8,1,nielsen-qr,relative,boundary,3,4,3,true,true,false,4.3278195279407203e-7,3.0602305375692165e1,7.4950027089134781e-7,9.9986651560472439e-1,5.0000012491664447e-1,9.9973304580888445e-1,9.9973304580890354e-1,2.4981954477317150e-7,2.4981954477317145e-7,2,1.0000000000000000e0,1.0000002564533903e0,1.0000002564533903e0,None
collinear-1e-8,1,nielsen-qr,relative,boundary,4,5,4,true,true,false,7.0711087086315528e-9,5.0000289210124160e-1,4.1636627559064411e-11,3.3995967421672213e-3,5.0000000000672218e-1,1.1568304590460586e-5,1.1557232044585118e-5,1.3907660794010181e-11,1.3907660794010185e-11,2,1.0000000000000009e0,1.0000000066529116e0,1.0000000066529116e0,None
collinear-1e-8,1,nielsen-qr,relative,boundary,5,6,5,true,true,false,7.0710678081435983e-9,5.0000000000000144e-1,1.0436895709632602e-15,8.5216896650308627e-8,4.9999999999933287e-1,5.9164567953858773e-15,5.4064853384350264e-12,2.6999513941186477e-12,2.6999513941186477e-12,2,1.0000000000000009e0,1.0000000011008960e0,1.0000000011008963e0,None
collinear-1e-8,1,nielsen-qr,relative,boundary,6,7,6,true,false,false,7.0710678081435776e-9,5.0000000000000000e-1,5.5511151231257827e-17,4.5324665132184805e-9,4.9999999999798272e-1,0.0000000000000000e0,2.7089441898161190e-12,1.3544720900372263e-12,1.3544720900372263e-12,2,1.0000000000000004e0,1.0000000010981962e0,1.0000000010981962e0,None
collinear-1e-8,1,nielsen-qr,relative,boundary,7,8,6,true,false,false,7.0710678081435776e-9,5.0000000000000000e-1,5.5511151231257827e-17,4.5324665132184805e-9,4.9999999999798272e-1,0.0000000000000000e0,1.3544720949085181e-12,6.7723604501861313e-13,6.7723604501861313e-13,2,1.0000000000000004e0,1.0000000010981962e0,1.0000000010981962e0,Some(SolverConverged)
collinear-1e-8,1,nielsen-qr,relative,final,7,8,6,false,false,false,7.0710678081435776e-9,5.0000000000000000e-1,5.5511151231257827e-17,4.5324665132184805e-9,4.9999999999798272e-1,,,,,2,1.0000000000000004e0,1.0000000010981962e0,1.0000000010981962e0,Some(SolverConverged)
collinear-1e-8,1,nielsen-qr,gradient-only,boundary,1,2,1,true,true,false,5.1961524227066320e0,3.6742346161087221e8,9.0000000000000000e0,1.0000000000000000e0,2.0000000000000000e0,9.9999975024981258e-1,9.9999975024981258e-1,2.9984973796882066e0,2.9984973796882062e0,2,9.9999999999999956e-1,1.5811388360973684e0,1.5811388360973684e0,None
collinear-1e-8,1,nielsen-qr,gradient-only,boundary,2,3,2,true,true,false,2.5967778224513065e-3,1.8361992084566495e5,4.4977511244371103e-3,9.9999999999630362e-1,5.0074962518738886e-1,9.9999997222406434e-1,9.9999997222406423e-1,1.4990005413884912e-3,1.4990005413884912e-3,2,9.9999999999999944e-1,1.0014992429271605e0,1.0014992429271603e0,None
collinear-1e-8,1,nielsen-qr,gradient-only,boundary,3,4,3,true,true,false,4.3278195279407203e-7,3.0602305375692165e1,7.4950027089134781e-7,9.9986651560472439e-1,5.0000012491664447e-1,9.9973304580888445e-1,9.9973304580890354e-1,2.4981954477317150e-7,2.4981954477317145e-7,2,1.0000000000000000e0,1.0000002564533903e0,1.0000002564533903e0,None
collinear-1e-8,1,nielsen-qr,gradient-only,boundary,4,5,4,true,true,false,7.0711087086315528e-9,5.0000289210124160e-1,4.1636627559064411e-11,3.3995967421672213e-3,5.0000000000672218e-1,1.1568304590460586e-5,1.1557232044585118e-5,1.3907660794010181e-11,1.3907660794010185e-11,2,1.0000000000000009e0,1.0000000066529116e0,1.0000000066529116e0,None
collinear-1e-8,1,nielsen-qr,gradient-only,boundary,5,6,5,true,true,false,7.0710678081435983e-9,5.0000000000000144e-1,1.0436895709632602e-15,8.5216896650308627e-8,4.9999999999933287e-1,5.9164567953858773e-15,5.4064853384350264e-12,2.6999513941186477e-12,2.6999513941186477e-12,2,1.0000000000000009e0,1.0000000011008960e0,1.0000000011008963e0,None
collinear-1e-8,1,nielsen-qr,gradient-only,boundary,6,7,6,true,false,false,7.0710678081435776e-9,5.0000000000000000e-1,5.5511151231257827e-17,4.5324665132184805e-9,4.9999999999798272e-1,0.0000000000000000e0,2.7089441898161190e-12,1.3544720900372263e-12,1.3544720900372263e-12,2,1.0000000000000004e0,1.0000000010981962e0,1.0000000010981962e0,None
collinear-1e-8,1,nielsen-qr,gradient-only,boundary,7,8,6,true,false,false,7.0710678081435776e-9,5.0000000000000000e-1,5.5511151231257827e-17,4.5324665132184805e-9,4.9999999999798272e-1,0.0000000000000000e0,1.3544720949085181e-12,6.7723604501861313e-13,6.7723604501861313e-13,2,1.0000000000000004e0,1.0000000010981962e0,1.0000000010981962e0,None
collinear-1e-8,1,nielsen-qr,gradient-only,boundary,8,9,6,true,false,false,7.0710678081435776e-9,5.0000000000000000e-1,5.5511151231257827e-17,4.5324665132184805e-9,4.9999999999798272e-1,0.0000000000000000e0,3.3839597642167447e-13,1.6919798895219122e-13,1.6919798895219122e-13,2,1.0000000000000004e0,1.0000000010981962e0,1.0000000010981962e0,None
collinear-1e-8,1,nielsen-qr,gradient-only,boundary,9,10,6,true,false,false,7.0710678081435776e-9,5.0000000000000000e-1,5.5511151231257827e-17,4.5324665132184805e-9,4.9999999999798272e-1,0.0000000000000000e0,4.2188474977663736e-14,2.1094237467792869e-14,2.1094237467792866e-14,2,1.0000000000000004e0,1.0000000010981962e0,1.0000000010981962e0,None
collinear-1e-8,1,nielsen-qr,gradient-only,boundary,10,11,6,true,false,false,7.0710678081435776e-9,5.0000000000000000e-1,5.5511151231257827e-17,4.5324665132184805e-9,4.9999999999798272e-1,0.0000000000000000e0,2.6645352640307540e-15,1.3322676295448126e-15,1.3322676295448127e-15,2,1.0000000000000004e0,1.0000000010981962e0,1.0000000010981962e0,None
collinear-1e-8,1,nielsen-qr,gradient-only,first-unchanged,11,12,6,true,false,true,7.0710678081435776e-9,5.0000000000000000e-1,5.5511151231257827e-17,4.5324665132184805e-9,4.9999999999798272e-1,0.0000000000000000e0,-0.0000000000000000e0,0.0000000000000000e0,0.0000000000000000e0,2,1.0000000000000004e0,1.0000000010981962e0,1.0000000010981962e0,None
collinear-1e-8,1,nielsen-qr,gradient-only,boundary,52,52,6,false,false,false,7.0710678081435776e-9,5.0000000000000000e-1,5.5511151231257827e-17,4.5324665132184805e-9,4.9999999999798272e-1,,,,,2,1.0000000000000004e0,1.0000000010981962e0,1.0000000010981962e0,Some(SolverFailed)
collinear-1e-8,1,nielsen-qr,gradient-only,final,52,52,6,false,false,false,7.0710678081435776e-9,5.0000000000000000e-1,5.5511151231257827e-17,4.5324665132184805e-9,4.9999999999798272e-1,,,,,2,1.0000000000000004e0,1.0000000010981962e0,1.0000000010981962e0,Some(SolverFailed)
collinear-1e-8,1,trust-cholesky,relative,boundary,1,2,1,true,true,false,5.1961524227066320e0,3.6742346161087221e8,9.0000000000000000e0,1.0000000000000000e0,2.0000000000000000e0,1.0000000000000000e0,1.0000000000000000e0,1.5811388300841891e0,1.5811388300841893e0,2,9.9999999999999956e-1,1.5811388360973684e0,1.5811388360973684e0,None
collinear-1e-8,1,trust-cholesky,relative,boundary,2,3,2,true,true,false,7.6918507455342553e-16,5.4389598249049011e-8,1.3322676295501878e-15,1.0000000000000002e0,4.4408920985006262e-16,1.0000000000000000e0,1.0000000000000002e0,2.2204460492503128e-16,2.2204460492503123e-16,2,1.0000000000000000e0,2.2204460492503131e-16,2.2204460492503136e-16,Some(SolverConverged)
collinear-1e-8,1,trust-cholesky,relative,final,2,3,2,false,false,false,0.0000000000000000e0,0.0000000000000000e0,0.0000000000000000e0,0.0000000000000000e0,2.2204460492503131e-16,,,,,2,0.0000000000000000e0,0.0000000000000000e0,0.0000000000000000e0,Some(SolverConverged)
collinear-1e-8,1,trust-cholesky,gradient-only,boundary,1,2,1,true,true,false,5.1961524227066320e0,3.6742346161087221e8,9.0000000000000000e0,1.0000000000000000e0,2.0000000000000000e0,1.0000000000000000e0,1.0000000000000000e0,1.5811388300841891e0,1.5811388300841893e0,2,9.9999999999999956e-1,1.5811388360973684e0,1.5811388360973684e0,None
collinear-1e-8,1,trust-cholesky,gradient-only,boundary,2,3,2,true,true,false,7.6918507455342553e-16,5.4389598249049011e-8,1.3322676295501878e-15,1.0000000000000002e0,4.4408920985006262e-16,1.0000000000000000e0,1.0000000000000002e0,2.2204460492503128e-16,2.2204460492503123e-16,2,1.0000000000000000e0,2.2204460492503131e-16,2.2204460492503136e-16,None
collinear-1e-8,1,trust-cholesky,gradient-only,boundary,3,3,3,false,false,false,0.0000000000000000e0,0.0000000000000000e0,0.0000000000000000e0,0.0000000000000000e0,2.2204460492503131e-16,,,,,2,0.0000000000000000e0,0.0000000000000000e0,0.0000000000000000e0,Some(SolverConverged)
collinear-1e-8,1,trust-cholesky,gradient-only,final,3,3,3,false,false,false,0.0000000000000000e0,0.0000000000000000e0,0.0000000000000000e0,0.0000000000000000e0,2.2204460492503131e-16,,,,,2,0.0000000000000000e0,0.0000000000000000e0,0.0000000000000000e0,Some(SolverConverged)
collinear-1e-8,1,trust-qr,relative,boundary,1,2,1,true,true,false,5.1961524227066320e0,3.6742346161087221e8,9.0000000000000000e0,1.0000000000000000e0,2.0000000000000000e0,1.0000000000000000e0,9.9999999999999978e-1,1.5811388258918866e0,1.5811388258918864e0,2,9.9999999999999956e-1,1.5811388360973684e0,1.5811388360973684e0,None
collinear-1e-8,1,trust-qr,relative,boundary,2,3,2,true,true,false,7.6918507455342553e-16,5.4389598249049011e-8,1.3322676295501878e-15,1.0000000000000002e0,3.3143070510277539e-9,1.0000000000000000e0,1.0000000000000002e0,3.1401849069600133e-16,3.1401849069600128e-16,2,1.0000000000000000e0,2.2204460418910741e-16,2.2204460418910743e-16,Some(SolverConverged)
collinear-1e-8,1,trust-qr,relative,final,2,3,2,false,false,false,0.0000000000000000e0,0.0000000000000000e0,0.0000000000000000e0,0.0000000000000000e0,3.3143070510277539e-9,,,,,2,0.0000000000000000e0,0.0000000000000000e0,0.0000000000000000e0,Some(SolverConverged)
collinear-1e-8,1,trust-qr,gradient-only,boundary,1,2,1,true,true,false,5.1961524227066320e0,3.6742346161087221e8,9.0000000000000000e0,1.0000000000000000e0,2.0000000000000000e0,1.0000000000000000e0,9.9999999999999978e-1,1.5811388258918866e0,1.5811388258918864e0,2,9.9999999999999956e-1,1.5811388360973684e0,1.5811388360973684e0,None
collinear-1e-8,1,trust-qr,gradient-only,boundary,2,3,2,true,true,false,7.6918507455342553e-16,5.4389598249049011e-8,1.3322676295501878e-15,1.0000000000000002e0,3.3143070510277539e-9,1.0000000000000000e0,1.0000000000000002e0,3.1401849069600133e-16,3.1401849069600128e-16,2,1.0000000000000000e0,2.2204460418910741e-16,2.2204460418910743e-16,None
collinear-1e-8,1,trust-qr,gradient-only,boundary,3,3,3,false,false,false,0.0000000000000000e0,0.0000000000000000e0,0.0000000000000000e0,0.0000000000000000e0,3.3143070510277539e-9,,,,,2,0.0000000000000000e0,0.0000000000000000e0,0.0000000000000000e0,Some(SolverConverged)
collinear-1e-8,1,trust-qr,gradient-only,final,3,3,3,false,false,false,0.0000000000000000e0,0.0000000000000000e0,0.0000000000000000e0,0.0000000000000000e0,3.3143070510277539e-9,,,,,2,0.0000000000000000e0,0.0000000000000000e0,0.0000000000000000e0,Some(SolverConverged)
svi-width-0.01,2,trust-qr,relative,boundary,1,2,1,true,true,false,3.3703654332130899e-2,8.7713937083939403e-2,2.1580848718470785e-1,9.9999989790295307e-1,9.9999999999999978e-2,8.3882802339333973e-1,1.0000000000000000e0,3.8525256490822768e-1,2.8908226185764907e-1,5,1.0000000000000009e0,4.2895341644198959e-1,2.9251344143566121e-1,None
svi-width-0.01,2,trust-qr,relative,boundary,2,3,2,true,true,false,1.3530746514608743e-2,3.5213838736462215e-2,8.6633443184709405e-2,9.9993527429629214e-1,2.3512912541880759e-2,9.9299928920052971e-1,9.9999999999999978e-1,6.7410455862503271e-2,1.1826219510071248e-1,5,1.0000000000000000e0,6.7378652840569223e-2,1.1299814632014120e-1,None
svi-width-0.01,2,trust-qr,relative,boundary,3,4,3,true,true,false,1.1321209487718024e-3,2.9463507040929614e-3,7.2490311068162810e-3,9.9998896692726025e-1,1.0283944696598601e-2,9.9940538050204486e-1,1.0000000000000002e0,2.8713009488696949e-2,1.8276583297787332e-2,5,1.0000000000000007e0,2.8241638828457018e-2,1.8181840643212661e-2,None
svi-width-0.01,2,trust-qr,relative,boundary,4,5,4,true,true,false,2.7606566750060825e-5,7.1846234688857598e-5,1.7672953241235773e-4,9.9978081894560233e-1,1.3504164647598627e-4,9.9999991511372377e-1,9.9999999999999978e-1,3.9782088315620399e-4,3.2123600446796563e-4,5,1.0000000000000007e0,3.9773495400216796e-4,3.2120055474839463e-4,None
svi-width-0.01,2,trust-qr,relative,boundary,5,6,5,true,true,false,8.0432420935782072e-9,2.0932579713601837e-8,5.1499355287198956e-8,9.9995112406563613e-1,4.2281534884391903e-8,1.0000000000000000e0,1.0000000000000000e0,1.2588068720360524e-7,3.9834849889224691e-8,5,1.0000000000000004e0,1.2588067288063735e-7,3.9834849299643722e-8,None
svi-width-0.01,2,trust-qr,relative,boundary,6,7,6,true,true,false,3.3993498887762956e-17,8.8468259059423101e-17,1.2490009027033011e-16,5.7385651174843944e-1,1.1162981650159054e-10,7.5000000000000000e-1,5.0453517622686883e-1,4.1970270720068257e-11,3.4109096075135381e-11,5,5.2806326568489592e-1,4.1970251771186548e-11,3.4109080536762105e-11,None
svi-width-0.01,2,trust-qr,relative,boundary,7,8,7,true,false,false,1.6996749443881478e-17,4.4234129529711551e-17,1.0056584496116265e-19,3.1253338962155575e-1,9.7852947966714510e-11,-1.3333333333333333e0,-6.8641506726060530e-1,6.0816025821849733e-11,6.8030177718263443e-11,5,2.9661990133905419e-1,2.5616830504847144e-10,2.6366616064518541e-10,None
svi-width-0.01,2,trust-qr,relative,boundary,8,9,7,true,false,false,1.6996749443881478e-17,4.4234129529711551e-17,1.0056584496116265e-19,3.1253338962155575e-1,9.7852947966714510e-11,-6.6666666666666663e-1,-5.0974106279793130e-1,6.4558459550016557e-12,9.1133947438537715e-12,5,2.9661990133905419e-1,2.5616830504847144e-10,2.6366616064518541e-10,None
svi-width-0.01,2,trust-qr,relative,boundary,9,10,7,true,true,false,1.6996749443881478e-17,4.4234129529711551e-17,1.0056584496116265e-19,3.1253338962155575e-1,9.7852947966714510e-11,5.0000000000000000e-1,1.0713115486338676e-1,8.3968075198371549e-12,1.9878257256759362e-12,5,2.9661990133905419e-1,2.5616830504847144e-10,2.6366616064518541e-10,None
svi-width-0.01,2,trust-qr,relative,boundary,10,11,8,true,false,false,1.2018516789897274e-17,3.1278252950343145e-17,2.0816681711721685e-17,2.7069848107213018e-1,1.0088241353400917e-10,-2.6666666666666665e0,-9.3441044806692586e-1,3.1070116327861799e-12,3.9723793844957197e-12,5,1.2565548809900406e-1,1.9979448548795801e-11,2.3468591805759128e-11,None
svi-width-0.01,2,trust-qr,relative,boundary,12,13,8,true,false,false,1.2018516789897274e-17,3.1278252950343145e-17,2.0816681711721685e-17,2.7069848107213018e-1,1.0088241353400917e-10,-5.0000000000000000e0,-2.7983195477564715e0,7.3885206836286838e-13,3.8955523188999237e-14,5,1.2565548809900406e-1,1.9979448548795801e-11,2.3468591805759128e-11,Some(SolverConverged)
svi-width-0.01,2,trust-qr,relative,final,12,13,8,false,false,false,1.2018516789897274e-17,3.1278252950343145e-17,2.0816681711721685e-17,2.7069848107213018e-1,1.0088241353400917e-10,,,,,5,1.2565548809900406e-1,1.9979448548795801e-11,2.3468591805759128e-11,Some(SolverConverged)
svi-width-0.01,2,trust-qr,gradient-only,boundary,1,2,1,true,true,false,3.3703654332130899e-2,8.7713937083939403e-2,2.1580848718470785e-1,9.9999989790295307e-1,9.9999999999999978e-2,8.3882802339333973e-1,1.0000000000000000e0,3.8525256490822768e-1,2.8908226185764907e-1,5,1.0000000000000009e0,4.2895341644198959e-1,2.9251344143566121e-1,None
svi-width-0.01,2,trust-qr,gradient-only,boundary,2,3,2,true,true,false,1.3530746514608743e-2,3.5213838736462215e-2,8.6633443184709405e-2,9.9993527429629214e-1,2.3512912541880759e-2,9.9299928920052971e-1,9.9999999999999978e-1,6.7410455862503271e-2,1.1826219510071248e-1,5,1.0000000000000000e0,6.7378652840569223e-2,1.1299814632014120e-1,None
svi-width-0.01,2,trust-qr,gradient-only,boundary,3,4,3,true,true,false,1.1321209487718024e-3,2.9463507040929614e-3,7.2490311068162810e-3,9.9998896692726025e-1,1.0283944696598601e-2,9.9940538050204486e-1,1.0000000000000002e0,2.8713009488696949e-2,1.8276583297787332e-2,5,1.0000000000000007e0,2.8241638828457018e-2,1.8181840643212661e-2,None
svi-width-0.01,2,trust-qr,gradient-only,boundary,4,5,4,true,true,false,2.7606566750060825e-5,7.1846234688857598e-5,1.7672953241235773e-4,9.9978081894560233e-1,1.3504164647598627e-4,9.9999991511372377e-1,9.9999999999999978e-1,3.9782088315620399e-4,3.2123600446796563e-4,5,1.0000000000000007e0,3.9773495400216796e-4,3.2120055474839463e-4,None
svi-width-0.01,2,trust-qr,gradient-only,boundary,5,6,5,true,true,false,8.0432420935782072e-9,2.0932579713601837e-8,5.1499355287198956e-8,9.9995112406563613e-1,4.2281534884391903e-8,1.0000000000000000e0,1.0000000000000000e0,1.2588068720360524e-7,3.9834849889224691e-8,5,1.0000000000000004e0,1.2588067288063735e-7,3.9834849299643722e-8,None
svi-width-0.01,2,trust-qr,gradient-only,boundary,6,7,6,true,true,false,3.3993498887762956e-17,8.8468259059423101e-17,1.2490009027033011e-16,5.7385651174843944e-1,1.1162981650159054e-10,7.5000000000000000e-1,5.0453517622686883e-1,4.1970270720068257e-11,3.4109096075135381e-11,5,5.2806326568489592e-1,4.1970251771186548e-11,3.4109080536762105e-11,None
svi-width-0.01,2,trust-qr,gradient-only,boundary,7,8,7,true,false,false,1.6996749443881478e-17,4.4234129529711551e-17,1.0056584496116265e-19,3.1253338962155575e-1,9.7852947966714510e-11,-1.3333333333333333e0,-6.8641506726060530e-1,6.0816025821849733e-11,6.8030177718263443e-11,5,2.9661990133905419e-1,2.5616830504847144e-10,2.6366616064518541e-10,None
svi-width-0.01,2,trust-qr,gradient-only,boundary,8,9,7,true,false,false,1.6996749443881478e-17,4.4234129529711551e-17,1.0056584496116265e-19,3.1253338962155575e-1,9.7852947966714510e-11,-6.6666666666666663e-1,-5.0974106279793130e-1,6.4558459550016557e-12,9.1133947438537715e-12,5,2.9661990133905419e-1,2.5616830504847144e-10,2.6366616064518541e-10,None
svi-width-0.01,2,trust-qr,gradient-only,boundary,9,10,7,true,true,false,1.6996749443881478e-17,4.4234129529711551e-17,1.0056584496116265e-19,3.1253338962155575e-1,9.7852947966714510e-11,5.0000000000000000e-1,1.0713115486338676e-1,8.3968075198371549e-12,1.9878257256759362e-12,5,2.9661990133905419e-1,2.5616830504847144e-10,2.6366616064518541e-10,None
svi-width-0.01,2,trust-qr,gradient-only,boundary,10,11,8,true,false,false,1.2018516789897274e-17,3.1278252950343145e-17,2.0816681711721685e-17,2.7069848107213018e-1,1.0088241353400917e-10,-2.6666666666666665e0,-9.3441044806692586e-1,3.1070116327861799e-12,3.9723793844957197e-12,5,1.2565548809900406e-1,1.9979448548795801e-11,2.3468591805759128e-11,None
svi-width-0.01,2,trust-qr,gradient-only,first-unchanged,53,54,8,true,false,true,1.2018516789897274e-17,3.1278252950343145e-17,2.0816681711721685e-17,2.7069848107213018e-1,1.0088241353400917e-10,0.0000000000000000e0,-0.0000000000000000e0,0.0000000000000000e0,0.0000000000000000e0,5,1.2565548809900406e-1,1.9979448548795801e-11,2.3468591805759128e-11,None
svi-width-0.01,2,trust-qr,gradient-only,boundary,1199,1200,8,true,false,true,1.2018516789897274e-17,3.1278252950343145e-17,2.0816681711721685e-17,2.7069848107213018e-1,1.0088241353400917e-10,0.0000000000000000e0,-0.0000000000000000e0,0.0000000000000000e0,0.0000000000000000e0,5,1.2565548809900406e-1,1.9979448548795801e-11,2.3468591805759128e-11,None
svi-width-0.01,2,trust-qr,gradient-only,final,1199,1200,8,false,false,false,1.2018516789897274e-17,3.1278252950343145e-17,2.0816681711721685e-17,2.7069848107213018e-1,1.0088241353400917e-10,,,,,5,1.2565548809900406e-1,1.9979448548795801e-11,2.3468591805759128e-11,Some(MaxIter)
tiny-orthogonality,0,nielsen-qr,gradient-only,boundary,1,1,1,false,false,false,1.0000000000000000e-100,1.0000000000000000e0,9.9999999999999998e-201,1.0000000000000000e0,1.0000000000000000e0,,,,,1,1.0000000000000000e0,inf,inf,Some(SolverConverged)
tiny-orthogonality,0,nielsen-qr,gradient-only,final,1,1,1,false,false,false,1.0000000000000000e-100,1.0000000000000000e0,9.9999999999999998e-201,1.0000000000000000e0,1.0000000000000000e0,,,,,1,1.0000000000000000e0,inf,inf,Some(SolverConverged)
coordinate-scale-1e0,0,nielsen-qr,relative,boundary,1,2,1,true,true,false,1.0000000000000000e0,7.0710678118654746e-1,1.0000000000000000e0,1.0000000000000000e0,1.0000000000000000e0,9.9999900199700398e-1,9.9999900199700398e-1,7.0675331622842430e-1,7.0675331622842430e-1,2,1.0000000000000000e0,1.0000000000000000e0,1.0000000000000000e0,None
coordinate-scale-1e0,0,nielsen-qr,relative,boundary,2,3,2,true,true,false,9.9900099900096517e-4,7.0640038080571784e-4,9.9900099900096517e-4,1.0000000000000000e0,9.9900099900096517e-4,9.9999988896292602e-1,9.9999988896292591e-1,7.0616511001233336e-4,7.0616511001233336e-4,2,1.0000000000000000e0,7.0675331622840031e-4,7.0675331622840031e-4,None
coordinate-scale-1e0,0,nielsen-qr,relative,boundary,3,4,3,true,true,false,3.3288936984732231e-7,2.3538833080395822e-7,3.3288936984732231e-7,1.0000000000000000e0,3.3288936984732231e-7,9.9999998765703746e-1,9.9999998765703735e-1,2.3536217942682329e-7,2.3536217942682329e-7,2,1.0000000000000000e0,2.3538836998309805e-7,2.3538836998309805e-7,None
coordinate-scale-1e0,0,nielsen-qr,relative,boundary,4,5,4,true,true,false,3.6983638374010752e-11,2.6151381487214021e-11,3.6983638374010752e-11,1.0000000000000000e0,3.6983638374010752e-11,9.9999999870233169e-1,9.9999999870233169e-1,2.6150439431738833e-11,2.6150439431738833e-11,2,1.0000000000000000e0,2.6151381487697612e-11,2.6151381487697612e-11,None
coordinate-scale-1e0,0,nielsen-qr,relative,boundary,5,6,5,true,true,false,1.3322676295501878e-15,9.4205547521026495e-16,1.3322676295501878e-15,1.0000000000000000e0,1.3322676295501878e-15,1.0000000000000000e0,1.0000000000000000e0,9.4205547521026495e-16,9.4205547521026495e-16,2,1.0000000000000000e0,9.4205547521026574e-16,9.4205547521026574e-16,Some(SolverConverged)
coordinate-scale-1e0,0,nielsen-qr,relative,final,5,6,5,false,false,false,0.0000000000000000e0,0.0000000000000000e0,0.0000000000000000e0,0.0000000000000000e0,0.0000000000000000e0,,,,,2,0.0000000000000000e0,0.0000000000000000e0,0.0000000000000000e0,Some(SolverConverged)
coordinate-scale-1e13,0,nielsen-qr,relative,boundary,1,2,1,true,true,false,1.0000000000000000e0,7.0710678118654746e-1,1.0000000000000000e0,1.0000000000000000e0,1.0000000000000000e0,9.9999900199700398e-1,9.9999900199700398e-1,9.9900099900099908e-14,7.0675331622842430e-1,2,1.0000000000000000e0,1.0000000000000000e-13,1.0000000000000000e0,Some(SolverConverged)
coordinate-scale-1e13,0,nielsen-qr,relative,final,1,2,1,false,false,false,9.9900099900096517e-4,7.0640038080571784e-4,9.9900099900096517e-4,1.0000000000000000e0,9.9900099900096517e-4,,,,,2,1.0000000000000000e0,9.9900099900096523e-17,7.0675331622840031e-4,Some(SolverConverged)
